timestamp	pid	rss_kib	parent_bytes	new_run_bytes
2026-07-17T02:16:38+08:00	3506850	790284	0	0
2026-07-17T02:16:40+08:00	3506850	790284	0	0
2026-07-17T02:16:42+08:00	3506850	790284	0	0
2026-07-17T02:16:44+08:00	3506850	790284	0	0
2026-07-17T02:16:46+08:00	3506850	790284	0	0
2026-07-17T02:16:48+08:00	3506850	790284	0	0
2026-07-17T02:16:50+08:00	3506850	790284	0	0
2026-07-17T02:16:53+08:00	3506850	790284	0	0
2026-07-17T02:16:55+08:00	3506850	790284	0	0
2026-07-17T02:16:57+08:00	3506850	790284	0	0
2026-07-17T02:16:59+08:00	3506850	790284	0	0
2026-07-17T02:17:01+08:00	3506850	790284	0	0
2026-07-17T02:17:03+08:00	3506850	790284	0	0
2026-07-17T02:17:05+08:00	3506850	790284	0	0
2026-07-17T02:17:07+08:00	3506850	790284	0	0
2026-07-17T02:17:09+08:00	3506850	790284	0	0
2026-07-17T02:17:11+08:00	3506850	790284	0	0
2026-07-17T02:17:13+08:00	3506850	790284	0	0
2026-07-17T02:17:15+08:00	3506850	790284	0	0
2026-07-17T02:17:17+08:00	3506850	790284	0	0
2026-07-17T02:17:19+08:00	3506850	790284	0	0
2026-07-17T02:17:21+08:00	3506850	790284	0	0
2026-07-17T02:17:23+08:00	3506850	790284	0	0
2026-07-17T02:17:25+08:00	3506850	790284	0	0
2026-07-17T02:17:27+08:00	3506850	790284	0	0
2026-07-17T02:17:29+08:00	3506850	790284	0	0
2026-07-17T02:17:31+08:00	3506850	790284	0	0
2026-07-17T02:17:33+08:00	3506850	790284	0	0
2026-07-17T02:17:35+08:00	3506850	790284	0	0
2026-07-17T02:17:37+08:00	3506850	790284	0	0
2026-07-17T02:17:39+08:00	3506850	232172	0	0
2026-07-17T02:17:41+08:00	3506850	232172	0	0
2026-07-17T02:17:43+08:00	3506850	232172	0	0
2026-07-17T02:17:45+08:00	3506850	232172	0	0
2026-07-17T02:17:47+08:00	3506850	232172	0	0
2026-07-17T02:17:49+08:00	3506850	232172	0	0
2026-07-17T02:17:51+08:00	3506850	232172	0	0
2026-07-17T02:17:53+08:00	3506850	232172	0	0
2026-07-17T02:17:55+08:00	3506850	232172	0	0
2026-07-17T02:17:57+08:00	3506850	232172	0	0
2026-07-17T02:17:59+08:00	3506850	232172	0	0
2026-07-17T02:18:01+08:00	3506850	232172	0	0
2026-07-17T02:18:03+08:00	3506850	232172	0	0
2026-07-17T02:18:05+08:00	3506850	232172	0	0
2026-07-17T02:18:07+08:00	3506850	232172	0	0
2026-07-17T02:18:09+08:00	3506850	232172	0	0
2026-07-17T02:18:11+08:00	3506850	232172	0	0
2026-07-17T02:18:13+08:00	3506850	232172	0	0
2026-07-17T02:18:15+08:00	3506850	232172	0	0
2026-07-17T02:18:17+08:00	3506850	232172	0	0
2026-07-17T02:18:19+08:00	3506850	232172	0	0
2026-07-17T02:18:21+08:00	3506850	233008	0	0
2026-07-17T02:18:23+08:00	3506850	233008	0	0
2026-07-17T02:18:25+08:00	3506850	250100	0	0
2026-07-17T02:18:27+08:00	3506850	254056	2816	3533
2026-07-17T02:18:29+08:00	3506850	254292	2816	3533
2026-07-17T02:18:31+08:00	3506850	254552	2816	4367
2026-07-17T02:18:33+08:00	3506850	254260	2816	5082
2026-07-17T02:18:35+08:00	3506850	254384	2816	5082
2026-07-17T02:18:37+08:00	3506850	254512	2816	5724
2026-07-17T02:18:39+08:00	3506850	254660	2816	6532
2026-07-17T02:18:41+08:00	3506850	255208	2816	7299
2026-07-17T02:18:44+08:00	3506850	255284	2816	7299
2026-07-17T02:18:46+08:00	3506850	255344	2816	7907
2026-07-17T02:18:48+08:00	3506850	255444	2816	8668
2026-07-17T02:18:50+08:00	3506850	255496	2816	8668
2026-07-17T02:18:52+08:00	3506850	255580	2816	9420
2026-07-17T02:18:54+08:00	3506850	255696	2816	10131
2026-07-17T02:18:56+08:00	3506850	261720	2816	10131
2026-07-17T02:18:58+08:00	3506850	262664	2816	10828
2026-07-17T02:19:00+08:00	3506850	264460	2816	11540
2026-07-17T02:19:02+08:00	3506850	265928	2816	11540
2026-07-17T02:19:04+08:00	3506850	266084	2816	12232
2026-07-17T02:19:06+08:00	3506850	266440	2816	12947
2026-07-17T02:19:08+08:00	3506850	266452	2816	12947
2026-07-17T02:19:10+08:00	3506850	266476	2816	13725
2026-07-17T02:19:12+08:00	3506850	266512	2816	14472
2026-07-17T02:19:14+08:00	3506850	266512	2816	14472
2026-07-17T02:19:16+08:00	3506850	266520	2816	15205
2026-07-17T02:19:18+08:00	3506850	266544	2816	15842
2026-07-17T02:19:20+08:00	3506850	266544	2816	15842
2026-07-17T02:19:22+08:00	3506850	266544	2816	16683
2026-07-17T02:19:24+08:00	3506850	280544	2816	17350
2026-07-17T02:19:26+08:00	3506850	281132	2816	17350
2026-07-17T02:19:28+08:00	3506850	281332	2816	18122
2026-07-17T02:19:30+08:00	3506850	282964	2816	18855
2026-07-17T02:19:32+08:00	3506850	282964	2816	18855
2026-07-17T02:19:34+08:00	3506850	282964	2816	19585
2026-07-17T02:19:36+08:00	3506850	282964	2816	19585
2026-07-17T02:19:38+08:00	3506850	282964	2816	20221
2026-07-17T02:19:40+08:00	3506850	282964	2816	20899
2026-07-17T02:19:42+08:00	3506850	282964	2816	20899
2026-07-17T02:19:44+08:00	3506850	282980	2816	21671
2026-07-17T02:19:46+08:00	3506850	282988	2816	21671
2026-07-17T02:19:48+08:00	3506850	283016	2816	22394
2026-07-17T02:19:50+08:00	3506850	283236	2816	23115
2026-07-17T02:19:52+08:00	3506850	283248	2816	23115
2026-07-17T02:19:54+08:00	3506850	283336	2816	23115
2026-07-17T02:19:56+08:00	3506850	283516	2816	23903
2026-07-17T02:19:58+08:00	3506850	283596	2816	23903
2026-07-17T02:20:00+08:00	3506850	283744	2816	24646
2026-07-17T02:20:02+08:00	3506850	283756	2816	24646
2026-07-17T02:20:04+08:00	3506850	283860	2816	25230
2026-07-17T02:20:06+08:00	3506850	283936	2816	25230
2026-07-17T02:20:08+08:00	3506850	284112	2816	25690
2026-07-17T02:20:10+08:00	3506850	284232	2816	25690
2026-07-17T02:20:12+08:00	3506850	284272	2816	25690
2026-07-17T02:20:14+08:00	3506850	284300	2816	25690
2026-07-17T02:20:16+08:00	3506850	284396	2816	25690
2026-07-17T02:20:18+08:00	3506850	305008	2816	25690
2026-07-17T02:20:20+08:00	3506850	313388	22550	55814
2026-07-17T02:20:22+08:00	3506850	313528	23580	55814
2026-07-17T02:20:24+08:00	3506850	313528	23580	55814
2026-07-17T02:20:26+08:00	3506850	313532	23580	55814
2026-07-17T02:20:29+08:00	3506850	313532	23580	55814
2026-07-17T02:20:31+08:00	3506850	313532	23580	55814
2026-07-17T02:20:33+08:00	3506850	313532	23580	55814
2026-07-17T02:20:35+08:00	3506850	313532	23580	55814
2026-07-17T02:20:37+08:00	3506850	313532	23580	55814
2026-07-17T02:20:39+08:00	3506850	313532	23580	55814
2026-07-17T02:20:41+08:00	3506850	313532	23580	55814
2026-07-17T02:20:43+08:00	3506850	313532	23580	55814
2026-07-17T02:20:45+08:00	3506850	313532	23580	55814
2026-07-17T02:20:47+08:00	3506850	313532	23580	55814
2026-07-17T02:20:49+08:00	3506850	313532	23580	55814
2026-07-17T02:20:51+08:00	3506850	313532	23580	55814
2026-07-17T02:20:53+08:00	3506850	313532	23580	55814
2026-07-17T02:20:55+08:00	3506850	313532	23580	55814
2026-07-17T02:20:57+08:00	3506850	313532	23580	55814
2026-07-17T02:20:59+08:00	3506850	313532	23580	55814
2026-07-17T02:21:01+08:00	3506850	313532	23580	55814
2026-07-17T02:21:03+08:00	3506850	313532	23580	55814
2026-07-17T02:21:05+08:00	3506850	313532	23580	55814
2026-07-17T02:21:07+08:00	3506850	313532	23580	55814
2026-07-17T02:21:09+08:00	3506850	313532	23580	55814
2026-07-17T02:21:11+08:00	3506850	313532	23580	55814
2026-07-17T02:21:13+08:00	3506850	313532	23580	55814
2026-07-17T02:21:15+08:00	3506850	313532	23580	55814
2026-07-17T02:21:17+08:00	3506850	313532	23580	55814
2026-07-17T02:21:19+08:00	3506850	313528	23580	55814
2026-07-17T02:21:21+08:00	3506850	313528	23580	55814
2026-07-17T02:21:23+08:00	3506850	313528	23580	55814
2026-07-17T02:21:25+08:00	3506850	313528	23580	55814
2026-07-17T02:21:27+08:00	3506850	313528	23580	55814
2026-07-17T02:21:29+08:00	3506850	313528	23580	55814
2026-07-17T02:21:31+08:00	3506850	313528	23580	55814
2026-07-17T02:21:33+08:00	3506850	313528	23580	55814
2026-07-17T02:21:35+08:00	3506850	313528	23580	55814
2026-07-17T02:21:37+08:00	3506850	313528	23580	55814
2026-07-17T02:21:39+08:00	3506850	313528	23580	55814
2026-07-17T02:21:41+08:00	3506850	313528	23580	55814
2026-07-17T02:21:43+08:00	3506850	313528	23580	55814
2026-07-17T02:21:45+08:00	3506850	313528	23580	55814
2026-07-17T02:21:47+08:00	3506850	313528	23580	55814
2026-07-17T02:21:49+08:00	3506850	313528	23580	55814
2026-07-17T02:21:51+08:00	3506850	313528	23580	55814
2026-07-17T02:21:53+08:00	3506850	313528	23580	55814
2026-07-17T02:21:55+08:00	3506850	313528	23580	55814
2026-07-17T02:21:57+08:00	3506850	313528	23580	55814
2026-07-17T02:21:59+08:00	3506850	313528	23580	55814
2026-07-17T02:22:01+08:00	3506850	313528	23580	55814
2026-07-17T02:22:03+08:00	3506850	313528	23580	55814
2026-07-17T02:22:05+08:00	3506850	250736	23580	55814
2026-07-17T02:22:07+08:00	3506850	250736	23580	55814
2026-07-17T02:22:09+08:00	3506850	250736	23580	55814
2026-07-17T02:22:11+08:00	3506850	250736	23580	55814
2026-07-17T02:22:13+08:00	3506850	250736	23580	55814
2026-07-17T02:22:15+08:00	3506850	250736	23580	55814
2026-07-17T02:22:18+08:00	3506850	250736	23580	55814
2026-07-17T02:22:20+08:00	3506850	250736	23580	55814
2026-07-17T02:22:22+08:00	3506850	250736	23580	55814
2026-07-17T02:22:24+08:00	3506850	250736	23580	55814
2026-07-17T02:22:26+08:00	3506850	250736	23580	55814
2026-07-17T02:22:28+08:00	3506850	250588	23580	55814
2026-07-17T02:22:30+08:00	3506850	250580	23580	55814
2026-07-17T02:22:32+08:00	3506850	250580	23580	55814
2026-07-17T02:22:34+08:00	3506850	250580	23580	55814
2026-07-17T02:22:36+08:00	3506850	250580	23580	55814
2026-07-17T02:22:38+08:00	3506850	250580	23580	55814
2026-07-17T02:22:40+08:00	3506850	250580	23580	55814
2026-07-17T02:22:42+08:00	3506850	250580	23580	55814
2026-07-17T02:22:44+08:00	3506850	250580	23580	55814
2026-07-17T02:22:46+08:00	3506850	250580	23580	55814
2026-07-17T02:22:48+08:00	3506850	250580	23580	55814
2026-07-17T02:22:50+08:00	3506850	250580	23580	55814
2026-07-17T02:22:52+08:00	3506850	250580	23580	55814
2026-07-17T02:22:54+08:00	3506850	250580	23580	55814
2026-07-17T02:22:56+08:00	3506850	250580	23580	55814
2026-07-17T02:22:58+08:00	3506850	250580	23580	55814
2026-07-17T02:23:00+08:00	3506850	250580	23580	55814
2026-07-17T02:23:02+08:00	3506850	250580	23580	55814
2026-07-17T02:23:04+08:00	3506850	250580	23580	55814
2026-07-17T02:23:06+08:00	3506850	250580	23580	55814
2026-07-17T02:23:08+08:00	3506850	250580	23580	55814
2026-07-17T02:23:10+08:00	3506850	250580	23580	55814
2026-07-17T02:23:12+08:00	3506850	250580	23580	55814
2026-07-17T02:23:14+08:00	3506850	250580	23580	55814
2026-07-17T02:23:16+08:00	3506850	250580	23580	55814
2026-07-17T02:23:18+08:00	3506850	250580	23580	55814
2026-07-17T02:23:20+08:00	3506850	250580	23580	55814
2026-07-17T02:23:22+08:00	3506850	250580	23580	55814
2026-07-17T02:23:24+08:00	3506850	250580	23580	55814
2026-07-17T02:23:26+08:00	3506850	250580	23580	55814
2026-07-17T02:23:28+08:00	3506850	250580	23580	55814
2026-07-17T02:23:30+08:00	3506850	250580	23580	55814
2026-07-17T02:23:32+08:00	3506850	250580	23580	55814
2026-07-17T02:23:34+08:00	3506850	250580	23580	55814
2026-07-17T02:23:36+08:00	3506850	250580	23580	55814
2026-07-17T02:23:38+08:00	3506850	250580	23580	55814
2026-07-17T02:23:40+08:00	3506850	250580	23580	55814
2026-07-17T02:23:42+08:00	3506850	250580	23580	55814
2026-07-17T02:23:44+08:00	3506850	250580	23580	55814
2026-07-17T02:23:46+08:00	3506850	250580	23580	55814
2026-07-17T02:23:48+08:00	3506850	250580	23580	55814
2026-07-17T02:23:50+08:00	3506850	250580	23580	55814
2026-07-17T02:23:52+08:00	3506850	250516	23580	55814
2026-07-17T02:23:54+08:00	3506850	250516	23580	55814
2026-07-17T02:23:56+08:00	3506850	250516	23580	55814
2026-07-17T02:23:58+08:00	3506850	250516	23580	55814
2026-07-17T02:24:00+08:00	3506850	250516	23580	55814
2026-07-17T02:24:02+08:00	3506850	250516	23580	55814
2026-07-17T02:24:04+08:00	3506850	250516	23580	55814
2026-07-17T02:24:06+08:00	3506850	250516	23580	55814
2026-07-17T02:24:09+08:00	3506850	250480	23580	55814
2026-07-17T02:24:11+08:00	3506850	250480	23580	55814
2026-07-17T02:24:13+08:00	3506850	250480	23580	55814
2026-07-17T02:24:15+08:00	3506850	250480	23580	55814
2026-07-17T02:24:17+08:00	3506850	250480	23580	55814
2026-07-17T02:24:19+08:00	3506850	250480	23580	55814
2026-07-17T02:24:21+08:00	3506850	250480	23580	55814
2026-07-17T02:24:23+08:00	3506850	250480	23580	55814
2026-07-17T02:24:25+08:00	3506850	250480	23580	55814
2026-07-17T02:24:27+08:00	3506850	250480	23580	55814
2026-07-17T02:24:29+08:00	3506850	250480	23580	55814
2026-07-17T02:24:31+08:00	3506850	250480	23580	55814
2026-07-17T02:24:33+08:00	3506850	250480	23580	55814
2026-07-17T02:24:35+08:00	3506850	250468	23580	55814
2026-07-17T02:24:37+08:00	3506850	249332	23580	55814
2026-07-17T02:24:39+08:00	3506850	249332	23580	55814
2026-07-17T02:24:41+08:00	3506850	249332	23580	55814
2026-07-17T02:24:43+08:00	3506850	249332	23580	55814
2026-07-17T02:24:45+08:00	3506850	249332	23580	55814
2026-07-17T02:24:47+08:00	3506850	249332	23580	55814
2026-07-17T02:24:49+08:00	3506850	249332	23580	55814
2026-07-17T02:24:51+08:00	3506850	249332	23580	55814
2026-07-17T02:24:53+08:00	3506850	249332	23580	55814
2026-07-17T02:24:55+08:00	3506850	249332	23580	55814
2026-07-17T02:24:57+08:00	3506850	249332	23580	55814
2026-07-17T02:24:59+08:00	3506850	249332	23580	55814
2026-07-17T02:25:01+08:00	3506850	249332	23580	55814
2026-07-17T02:25:03+08:00	3506850	249332	23580	55814
2026-07-17T02:25:05+08:00	3506850	249332	23580	55814
2026-07-17T02:25:07+08:00	3506850	249356	23580	55814
2026-07-17T02:25:09+08:00	3506850	249940	23580	55814
2026-07-17T02:25:11+08:00	3506850	250376	23580	55814
2026-07-17T02:25:13+08:00	3506850	250412	23580	55814
2026-07-17T02:25:15+08:00	3506850	252016	23580	55814
2026-07-17T02:25:17+08:00	3506850	252780	23580	55814
2026-07-17T02:25:19+08:00	3506850	252916	23580	55814
2026-07-17T02:25:21+08:00	3506850	253112	23580	55814
2026-07-17T02:25:23+08:00	3506850	253112	23580	55814
2026-07-17T02:25:25+08:00	3506850	253112	23580	55814
2026-07-17T02:25:27+08:00	3506850	253112	23580	55814
2026-07-17T02:25:29+08:00	3506850	253116	23580	55814
2026-07-17T02:25:31+08:00	3506850	255732	24321	55814
2026-07-17T02:25:33+08:00	3506850	256720	25951	58147
2026-07-17T02:25:35+08:00	3506850	257440	25951	59469
2026-07-17T02:25:37+08:00	3506850	257616	25951	59469
2026-07-17T02:25:39+08:00	3506850	268788	25951	60916
2026-07-17T02:25:41+08:00	3506850	270012	25951	60916
2026-07-17T02:25:43+08:00	3506850	285728	25951	62630
2026-07-17T02:25:45+08:00	3506850	285908	25951	62630
2026-07-17T02:25:47+08:00	3506850	285728	25951	62630
2026-07-17T02:25:49+08:00	3506850	285940	25951	63769
2026-07-17T02:25:51+08:00	3506850	286112	25951	64498
2026-07-17T02:25:53+08:00	3506850	286168	25951	64498
2026-07-17T02:25:55+08:00	3506850	286252	25951	64498
2026-07-17T02:25:58+08:00	3506850	286336	25951	64498
2026-07-17T02:26:00+08:00	3506850	311608	25951	64498
2026-07-17T02:26:02+08:00	3506850	315316	25951	64498
2026-07-17T02:26:04+08:00	3506850	317124	25951	64498
2026-07-17T02:26:06+08:00	3506850	317412	25951	64498
2026-07-17T02:26:08+08:00	3506850	317516	25951	64498
2026-07-17T02:26:10+08:00	3506850	317604	25951	64498
2026-07-17T02:26:12+08:00	3506850	317780	25951	64498
2026-07-17T02:26:14+08:00	3506850	318088	25951	64498
2026-07-17T02:26:16+08:00	3506850	320512	50188	89979
2026-07-17T02:26:18+08:00	3506850	320928	50188	89979
2026-07-17T02:26:20+08:00	3506850	320940	51962	89979
2026-07-17T02:26:22+08:00	3506850	320940	51962	89979
2026-07-17T02:26:24+08:00	3506850	320940	51962	89979
2026-07-17T02:26:26+08:00	3506850	320940	51962	89979
2026-07-17T02:26:28+08:00	3506850	318852	51962	89979
2026-07-17T02:26:30+08:00	3506850	318852	51962	89979
2026-07-17T02:26:32+08:00	3506850	318852	51962	89979
2026-07-17T02:26:34+08:00	3506850	318852	51962	89979
2026-07-17T02:26:36+08:00	3506850	318852	51962	89979
2026-07-17T02:26:38+08:00	3506850	318852	51962	89979
2026-07-17T02:26:40+08:00	3506850	318852	51962	89979
2026-07-17T02:26:42+08:00	3506850	318852	51962	89979
2026-07-17T02:26:44+08:00	3506850	318852	51962	89979
2026-07-17T02:26:46+08:00	3506850	318852	51962	89979
2026-07-17T02:26:48+08:00	3506850	318852	51962	89979
2026-07-17T02:26:50+08:00	3506850	318852	51962	89979
2026-07-17T02:26:52+08:00	3506850	318852	51962	89979
2026-07-17T02:26:54+08:00	3506850	318852	51962	89979
2026-07-17T02:26:56+08:00	3506850	318852	51962	89979
2026-07-17T02:26:58+08:00	3506850	318852	51962	89979
2026-07-17T02:27:00+08:00	3506850	318852	51962	89979
2026-07-17T02:27:02+08:00	3506850	318852	51962	89979
2026-07-17T02:27:04+08:00	3506850	318852	51962	89979
2026-07-17T02:27:06+08:00	3506850	318852	51962	89979
2026-07-17T02:27:08+08:00	3506850	318996	52711	89979
2026-07-17T02:27:10+08:00	3506850	319168	54388	92319
2026-07-17T02:27:12+08:00	3506850	319168	54388	93650
2026-07-17T02:27:14+08:00	3506850	319168	54388	93650
2026-07-17T02:27:16+08:00	3506850	325728	54388	95112
2026-07-17T02:27:18+08:00	3506850	325728	54388	95112
2026-07-17T02:27:20+08:00	3506850	325728	54388	95112
2026-07-17T02:27:22+08:00	3506850	281768	54388	96435
2026-07-17T02:27:24+08:00	3506850	281972	54388	96435
2026-07-17T02:27:26+08:00	3506850	282144	54388	96435
2026-07-17T02:27:28+08:00	3506850	282200	54388	97337
2026-07-17T02:27:30+08:00	3506850	282200	54388	97337
2026-07-17T02:27:32+08:00	3506850	282212	54388	97337
2026-07-17T02:27:34+08:00	3506850	303892	54388	98434
2026-07-17T02:27:36+08:00	3506850	304192	54388	98434
2026-07-17T02:27:38+08:00	3506850	304432	54388	98434
2026-07-17T02:27:40+08:00	3506850	305012	54388	98434
2026-07-17T02:27:42+08:00	3506850	305128	54388	98434
2026-07-17T02:27:44+08:00	3506850	305168	54388	98434
2026-07-17T02:27:47+08:00	3506850	304852	54388	98434
2026-07-17T02:27:49+08:00	3506850	305168	54388	98434
2026-07-17T02:27:51+08:00	3506850	305440	54388	98434
2026-07-17T02:27:53+08:00	3506850	306664	54388	98434
2026-07-17T02:27:55+08:00	3506850	323072	54388	98434
2026-07-17T02:27:57+08:00	3506850	323500	54388	98434
2026-07-17T02:27:59+08:00	3506850	324348	54388	98434
2026-07-17T02:28:01+08:00	3506850	335756	81491	126668
2026-07-17T02:28:03+08:00	3506850	335916	81491	126668
2026-07-17T02:28:05+08:00	3506850	336648	83668	126668
2026-07-17T02:28:07+08:00	3506850	336648	83668	126668
2026-07-17T02:28:09+08:00	3506850	336648	83668	126668
2026-07-17T02:28:11+08:00	3506850	336648	83668	126668
2026-07-17T02:28:13+08:00	3506850	336648	83668	126668
2026-07-17T02:28:15+08:00	3506850	336648	83668	126668
2026-07-17T02:28:17+08:00	3506850	336648	83668	126668
2026-07-17T02:28:19+08:00	3506850	336648	83668	126668
2026-07-17T02:28:21+08:00	3506850	336648	83668	126668
2026-07-17T02:28:23+08:00	3506850	336648	83668	126668
2026-07-17T02:28:25+08:00	3506850	336648	83668	126668
2026-07-17T02:28:27+08:00	3506850	336648	83668	126668
2026-07-17T02:28:29+08:00	3506850	336648	83668	126668
2026-07-17T02:28:31+08:00	3506850	336648	83668	126668
2026-07-17T02:28:33+08:00	3506850	325200	84396	126668
2026-07-17T02:28:35+08:00	3506850	324464	86071	128987
2026-07-17T02:28:37+08:00	3506850	324464	86071	130297
2026-07-17T02:28:39+08:00	3506850	324904	86071	131731
2026-07-17T02:28:41+08:00	3506850	277968	86071	131731
2026-07-17T02:28:43+08:00	3506850	289532	86071	131731
2026-07-17T02:28:45+08:00	3506850	290288	86071	132494
2026-07-17T02:28:47+08:00	3506850	290384	86071	132494
2026-07-17T02:28:49+08:00	3506850	305464	86071	133956
2026-07-17T02:28:51+08:00	3506850	318292	86071	133956
2026-07-17T02:28:53+08:00	3506850	321592	86071	134687
2026-07-17T02:28:55+08:00	3506850	322356	86071	134687
2026-07-17T02:28:57+08:00	3506850	322380	86071	135376
2026-07-17T02:28:59+08:00	3506850	322460	86071	135376
2026-07-17T02:29:01+08:00	3506850	322076	86071	135376
2026-07-17T02:29:03+08:00	3506850	322084	86071	135376
2026-07-17T02:29:05+08:00	3506850	322120	86071	135376
2026-07-17T02:29:07+08:00	3506850	322184	86071	135376
2026-07-17T02:29:09+08:00	3506850	322512	86071	135376
2026-07-17T02:29:11+08:00	3506850	322544	86071	135376
2026-07-17T02:29:13+08:00	3506850	322268	86071	135376
2026-07-17T02:29:15+08:00	3506850	322268	86071	135376
2026-07-17T02:29:17+08:00	3506850	324748	107613	158316
2026-07-17T02:29:19+08:00	3506850	325448	107613	158316
2026-07-17T02:29:21+08:00	3506850	325620	110018	158316
2026-07-17T02:29:23+08:00	3506850	325620	110018	158316
2026-07-17T02:29:25+08:00	3506850	325620	110018	158316
2026-07-17T02:29:27+08:00	3506850	325620	110018	158316
2026-07-17T02:29:29+08:00	3506850	325620	110018	158316
2026-07-17T02:29:31+08:00	3506850	325620	110018	158316
2026-07-17T02:29:34+08:00	3506850	325620	110018	158316
2026-07-17T02:29:36+08:00	3506850	325620	110018	158316
2026-07-17T02:29:38+08:00	3506850	325620	110018	158316
2026-07-17T02:29:40+08:00	3506850	325620	110018	158316
2026-07-17T02:29:42+08:00	3506850	325620	110018	158316
2026-07-17T02:29:44+08:00	3506850	325620	110018	158316
2026-07-17T02:29:46+08:00	3506850	325620	110018	158316
2026-07-17T02:29:48+08:00	3506850	325624	110018	158316
2026-07-17T02:29:50+08:00	3506850	326132	110788	158316
2026-07-17T02:29:52+08:00	3506850	324164	112474	160678
2026-07-17T02:29:54+08:00	3506850	324164	112474	162029
2026-07-17T02:29:56+08:00	3506850	324876	112474	163416
2026-07-17T02:29:58+08:00	3506850	324876	112474	163416
2026-07-17T02:30:00+08:00	3506850	329568	112474	164502
2026-07-17T02:30:02+08:00	3506850	329568	112474	164502
2026-07-17T02:30:04+08:00	3506850	293140	112474	164502
2026-07-17T02:30:06+08:00	3506850	322076	112474	166262
2026-07-17T02:30:08+08:00	3506850	322916	112474	166262
2026-07-17T02:30:10+08:00	3506850	323860	112474	166262
2026-07-17T02:30:12+08:00	3506850	325292	112474	167133
2026-07-17T02:30:14+08:00	3506850	325500	112474	167133
2026-07-17T02:30:16+08:00	3506850	325608	112474	168053
2026-07-17T02:30:18+08:00	3506850	325608	112474	168053
2026-07-17T02:30:20+08:00	3506850	325608	112474	168053
2026-07-17T02:30:22+08:00	3506850	325608	112474	168053
2026-07-17T02:30:24+08:00	3506850	325608	112474	168053
2026-07-17T02:30:26+08:00	3506850	325608	112474	168053
2026-07-17T02:30:28+08:00	3506850	325032	112474	168053
2026-07-17T02:30:30+08:00	3506850	325032	112474	168053
2026-07-17T02:30:32+08:00	3506850	325032	112474	168053
2026-07-17T02:30:34+08:00	3506850	325032	112474	168053
2026-07-17T02:30:36+08:00	3506850	325536	112474	168053
2026-07-17T02:30:38+08:00	3506850	325572	112474	168053
2026-07-17T02:30:40+08:00	3506850	325156	112474	168053
2026-07-17T02:30:42+08:00	3506850	325628	112474	168053
2026-07-17T02:30:44+08:00	3506850	325680	112474	168053
2026-07-17T02:30:46+08:00	3506850	325732	112474	168053
2026-07-17T02:30:48+08:00	3506850	332724	143594	200922
2026-07-17T02:30:50+08:00	3506850	332760	143594	200922
2026-07-17T02:30:52+08:00	3506850	328572	146093	200922
2026-07-17T02:30:54+08:00	3506850	328572	146093	200922
2026-07-17T02:30:56+08:00	3506850	328576	146093	200922
2026-07-17T02:30:58+08:00	3506850	328576	146093	200922
2026-07-17T02:31:00+08:00	3506850	328576	146093	200922
2026-07-17T02:31:02+08:00	3506850	328576	146093	200922
2026-07-17T02:31:04+08:00	3506850	328576	146093	200922
2026-07-17T02:31:06+08:00	3506850	328576	146093	200922
2026-07-17T02:31:08+08:00	3506850	328576	146093	200922
2026-07-17T02:31:10+08:00	3506850	328576	146093	200922
2026-07-17T02:31:12+08:00	3506850	328576	146093	200922
2026-07-17T02:31:14+08:00	3506850	328576	146093	200922
2026-07-17T02:31:16+08:00	3506850	328576	146093	200922
2026-07-17T02:31:18+08:00	3506850	328576	146093	200922
2026-07-17T02:31:20+08:00	3506850	328576	146093	200922
2026-07-17T02:31:23+08:00	3506850	328576	146093	200922
2026-07-17T02:31:25+08:00	3506850	328576	146093	200922
2026-07-17T02:31:27+08:00	3506850	328576	146093	200922
2026-07-17T02:31:29+08:00	3506850	328576	146093	200922
2026-07-17T02:31:31+08:00	3506850	328576	146093	200922
2026-07-17T02:31:33+08:00	3506850	328576	146093	200922
2026-07-17T02:31:35+08:00	3506850	328576	146093	200922
2026-07-17T02:31:37+08:00	3506850	328576	146093	200922
2026-07-17T02:31:39+08:00	3506850	328576	146093	200922
2026-07-17T02:31:41+08:00	3506850	328576	146093	200922
2026-07-17T02:31:43+08:00	3506850	328580	146093	200922
2026-07-17T02:31:45+08:00	3506850	328580	146093	200922
2026-07-17T02:31:47+08:00	3506850	329160	147753	200922
2026-07-17T02:31:49+08:00	3506850	328440	149813	213428
2026-07-17T02:31:51+08:00	3506850	329196	151261	215905
2026-07-17T02:31:53+08:00	3506850	329196	151261	215905
2026-07-17T02:31:55+08:00	3506850	317164	151261	218035
2026-07-17T02:31:57+08:00	3506850	317164	151261	220541
2026-07-17T02:31:59+08:00	3506850	317180	151261	223010
2026-07-17T02:32:01+08:00	3506850	318568	151261	225910
2026-07-17T02:32:03+08:00	3506850	304312	151261	226888
2026-07-17T02:32:05+08:00	3506850	304976	151261	230172
2026-07-17T02:32:07+08:00	3506850	305380	151261	230172
2026-07-17T02:32:09+08:00	3506850	306548	151261	232675
2026-07-17T02:32:11+08:00	3506850	325308	151261	234236
2026-07-17T02:32:13+08:00	3506850	330556	151261	236254
2026-07-17T02:32:15+08:00	3506850	330788	151261	239287
2026-07-17T02:32:17+08:00	3506850	330808	151261	240210
2026-07-17T02:32:19+08:00	3506850	329812	151261	242198
2026-07-17T02:32:21+08:00	3506850	329812	151261	242198
2026-07-17T02:32:23+08:00	3506850	329816	151261	244888
2026-07-17T02:32:25+08:00	3506850	329864	151261	244888
2026-07-17T02:32:27+08:00	3506850	329660	151261	246975
2026-07-17T02:32:29+08:00	3506850	329704	151261	246975
2026-07-17T02:32:31+08:00	3506850	330116	151261	248158
2026-07-17T02:32:33+08:00	3506850	330208	151261	248158
2026-07-17T02:32:35+08:00	3506850	330472	151261	249001
2026-07-17T02:32:37+08:00	3506850	331508	151261	249001
2026-07-17T02:32:39+08:00	3506850	332000	151261	249311
2026-07-17T02:32:41+08:00	3506850	332668	151261	249311
2026-07-17T02:32:43+08:00	3506850	332720	151261	249311
2026-07-17T02:32:45+08:00	3506850	332720	151261	249311
2026-07-17T02:32:47+08:00	3506850	336276	151623	277180
2026-07-17T02:32:49+08:00	3506850	336276	151623	277605
2026-07-17T02:32:51+08:00	3506850	336276	151623	277605
2026-07-17T02:32:53+08:00	3506850	340644	151985	310389
2026-07-17T02:32:55+08:00	3506850	334292	151985	311538
2026-07-17T02:32:57+08:00	3506850	338320	152347	335042
2026-07-17T02:32:59+08:00	3506850	345112	152709	369526
2026-07-17T02:33:01+08:00	3506850	345348	152709	369526
2026-07-17T02:33:03+08:00	3506850	345772	152709	373741
2026-07-17T02:33:05+08:00	3506850	346224	152709	374379
2026-07-17T02:33:07+08:00	3506850	334492	152709	375181
2026-07-17T02:33:09+08:00	3506850	336920	152709	377584
2026-07-17T02:33:12+08:00	3506850	340512	152709	380898
2026-07-17T02:33:14+08:00	3506850	346624	152709	383263
2026-07-17T02:33:16+08:00	3506850	355168	152709	384502
2026-07-17T02:33:18+08:00	3506850	360920	152709	385650
2026-07-17T02:33:20+08:00	3506850	359204	152709	388563
2026-07-17T02:33:22+08:00	3506850	359856	152709	390067
2026-07-17T02:33:24+08:00	3506850	361152	152709	392349
2026-07-17T02:33:26+08:00	3506850	362480	152709	394043
2026-07-17T02:33:28+08:00	3506850	363448	152709	395931
2026-07-17T02:33:30+08:00	3506850	364388	152709	396605
2026-07-17T02:33:32+08:00	3506850	360612	152709	398085
2026-07-17T02:33:34+08:00	3506850	361980	152709	399779
2026-07-17T02:33:36+08:00	3506850	362136	152709	399779
2026-07-17T02:33:38+08:00	3506850	363580	152709	401696
2026-07-17T02:33:40+08:00	3506850	363764	152709	402014
2026-07-17T02:33:42+08:00	3506850	364812	152709	404027
2026-07-17T02:33:44+08:00	3506850	360716	152709	404027
2026-07-17T02:33:46+08:00	3506850	363028	152709	405898
2026-07-17T02:33:48+08:00	3506850	363304	152709	405898
2026-07-17T02:33:50+08:00	3506850	366212	152709	432383
2026-07-17T02:33:52+08:00	3506850	366320	152709	432383
2026-07-17T02:33:54+08:00	3506850	366508	152709	433349
2026-07-17T02:33:56+08:00	3506850	362108	152709	433349
2026-07-17T02:33:58+08:00	3506850	363680	152709	434259
2026-07-17T02:34:00+08:00	3506850	364276	152709	434680
2026-07-17T02:34:02+08:00	3506850	365952	152709	458554
2026-07-17T02:34:04+08:00	3506850	366072	152709	458554
2026-07-17T02:34:06+08:00	3506850	366196	152709	458554
2026-07-17T02:34:08+08:00	3506850	363152	152709	458554
2026-07-17T02:34:10+08:00	3506850	363288	152709	458554
2026-07-17T02:34:12+08:00	3506850	363448	152709	458554
2026-07-17T02:34:14+08:00	3506850	363592	152709	458554
2026-07-17T02:34:16+08:00	3506850	363872	152709	458554
2026-07-17T02:34:18+08:00	3506850	364016	152709	458554
2026-07-17T02:34:20+08:00	3506850	364016	152709	458554
2026-07-17T02:34:22+08:00	3506850	368356	152709	494656
2026-07-17T02:34:24+08:00	3506850	368416	152709	494656
2026-07-17T02:34:26+08:00	3506850	372108	352749	529014
2026-07-17T02:34:28+08:00	3506850	372128	352749	529014
2026-07-17T02:34:30+08:00	3506850	373008	352749	529014
2026-07-17T02:34:32+08:00	3506850	367020	352749	529014
2026-07-17T02:34:34+08:00	3506850	367272	355766	529014
2026-07-17T02:34:36+08:00	3506850	367272	355766	529014
2026-07-17T02:34:38+08:00	3506850	367276	355766	529014
2026-07-17T02:34:40+08:00	3506850	367276	355766	529014
2026-07-17T02:34:42+08:00	3506850	367276	355766	529014
2026-07-17T02:34:44+08:00	3506850	367276	355766	529014
2026-07-17T02:34:46+08:00	3506850	367276	355766	529014
2026-07-17T02:34:48+08:00	3506850	367276	355766	529014
2026-07-17T02:34:50+08:00	3506850	367276	355766	529014
2026-07-17T02:34:52+08:00	3506850	367276	355766	529014
2026-07-17T02:34:54+08:00	3506850	265588	355766	529014
2026-07-17T02:34:56+08:00	3506850	260396	355766	529014
2026-07-17T02:34:59+08:00	3506850	258664	355766	529014
2026-07-17T02:35:03+08:00	3506850	243792	355766	529014
2026-07-17T02:35:05+08:00	3506850	243792	355766	529014
2026-07-17T02:35:07+08:00	3506850	243792	355766	529014
2026-07-17T02:35:09+08:00	3506850	243792	355766	529014
2026-07-17T02:35:11+08:00	3506850	243792	355766	529014
2026-07-17T02:35:13+08:00	3506850	243792	355766	529014
2026-07-17T02:35:15+08:00	3506850	256196	355766	529014
2026-07-17T02:35:17+08:00	3506850	256196	355766	529014
2026-07-17T02:35:19+08:00	3506850	256196	355766	529014
2026-07-17T02:35:21+08:00	3506850	256196	355766	529014
2026-07-17T02:35:23+08:00	3506850	256196	355766	529014
2026-07-17T02:35:25+08:00	3506850	256196	355766	529014
2026-07-17T02:35:27+08:00	3506850	256196	355766	529014
2026-07-17T02:35:29+08:00	3506850	256196	355766	529014
2026-07-17T02:35:31+08:00	3506850	256196	355766	529014
2026-07-17T02:35:33+08:00	3506850	256196	355766	529014
2026-07-17T02:35:35+08:00	3506850	256196	355766	529014
2026-07-17T02:35:37+08:00	3506850	256196	355766	529014
2026-07-17T02:35:39+08:00	3506850	256196	355766	529014
2026-07-17T02:35:41+08:00	3506850	256196	355766	529014
2026-07-17T02:35:43+08:00	3506850	256196	355766	529014
2026-07-17T02:35:45+08:00	3506850	256196	355766	529014
2026-07-17T02:35:47+08:00	3506850	256196	355766	529014
2026-07-17T02:35:49+08:00	3506850	256196	355766	529014
2026-07-17T02:35:51+08:00	3506850	256196	355766	529014
2026-07-17T02:35:53+08:00	3506850	256196	355766	529014
2026-07-17T02:35:55+08:00	3506850	256196	355766	529014
2026-07-17T02:35:57+08:00	3506850	256196	355766	529014
2026-07-17T02:35:59+08:00	3506850	256196	355766	529014
2026-07-17T02:36:01+08:00	3506850	256196	355766	529014
2026-07-17T02:36:03+08:00	3506850	256196	355766	529014
2026-07-17T02:36:05+08:00	3506850	256196	355766	529014
2026-07-17T02:36:07+08:00	3506850	256196	355766	529014
2026-07-17T02:36:09+08:00	3506850	256196	355766	529014
2026-07-17T02:36:11+08:00	3506850	256196	355766	529014
2026-07-17T02:36:13+08:00	3506850	256196	355766	529014
2026-07-17T02:36:15+08:00	3506850	256196	355766	529014
2026-07-17T02:36:17+08:00	3506850	256196	355766	529014
2026-07-17T02:36:19+08:00	3506850	256196	355766	529014
2026-07-17T02:36:21+08:00	3506850	256196	355766	529014
2026-07-17T02:36:23+08:00	3506850	256196	355766	529014
2026-07-17T02:36:26+08:00	3506850	256196	355766	529014
2026-07-17T02:36:28+08:00	3506850	256196	355766	529014
2026-07-17T02:36:30+08:00	3506850	256196	355766	529014
2026-07-17T02:36:32+08:00	3506850	256196	355766	529014
2026-07-17T02:36:34+08:00	3506850	256196	355766	529014
2026-07-17T02:36:36+08:00	3506850	256196	355766	529014
2026-07-17T02:36:38+08:00	3506850	256196	355766	529014
2026-07-17T02:36:40+08:00	3506850	256196	355766	529014
2026-07-17T02:36:42+08:00	3506850	256196	355766	529014
2026-07-17T02:36:44+08:00	3506850	256196	355766	529014
2026-07-17T02:36:46+08:00	3506850	256196	355766	529014
2026-07-17T02:36:48+08:00	3506850	256196	355766	529014
2026-07-17T02:36:50+08:00	3506850	256196	355766	529014
2026-07-17T02:36:52+08:00	3506850	256196	355766	529014
2026-07-17T02:36:54+08:00	3506850	256196	355766	529014
2026-07-17T02:36:56+08:00	3506850	240296	355766	529014
2026-07-17T02:36:58+08:00	3506850	240296	355766	529014
2026-07-17T02:37:00+08:00	3506850	240296	355766	529014
2026-07-17T02:37:02+08:00	3506850	240296	355766	529014
2026-07-17T02:37:04+08:00	3506850	240296	355766	529014
2026-07-17T02:37:06+08:00	3506850	240296	355766	529014
2026-07-17T02:37:08+08:00	3506850	240296	355766	529014
2026-07-17T02:37:10+08:00	3506850	240296	355766	529014
2026-07-17T02:37:12+08:00	3506850	240296	355766	529014
2026-07-17T02:37:14+08:00	3506850	240296	355766	529014
2026-07-17T02:37:16+08:00	3506850	240296	355766	529014
2026-07-17T02:37:18+08:00	3506850	240296	355766	529014
2026-07-17T02:37:20+08:00	3506850	240296	355766	529014
2026-07-17T02:37:22+08:00	3506850	240296	355766	529014
2026-07-17T02:37:24+08:00	3506850	240296	355766	529014
2026-07-17T02:37:26+08:00	3506850	240296	355766	529014
2026-07-17T02:37:28+08:00	3506850	240296	355766	529014
2026-07-17T02:37:30+08:00	3506850	240296	355766	529014
2026-07-17T02:37:32+08:00	3506850	240296	355766	529014
2026-07-17T02:37:34+08:00	3506850	240296	355766	529014
2026-07-17T02:37:36+08:00	3506850	240296	355766	529014
2026-07-17T02:37:38+08:00	3506850	240296	355766	529014
2026-07-17T02:37:40+08:00	3506850	240296	355766	529014
2026-07-17T02:37:42+08:00	3506850	240296	355766	529014
2026-07-17T02:37:44+08:00	3506850	240296	355766	529014
2026-07-17T02:37:46+08:00	3506850	240296	355766	529014
2026-07-17T02:37:48+08:00	3506850	240296	355766	529014
2026-07-17T02:37:50+08:00	3506850	243032	355766	529014
2026-07-17T02:37:52+08:00	3506850	243032	355766	529014
2026-07-17T02:37:54+08:00	3506850	276304	358157	531361
2026-07-17T02:37:56+08:00	3506850	302396	358157	532697
2026-07-17T02:37:58+08:00	3506850	302488	358157	532697
2026-07-17T02:38:00+08:00	3506850	314116	358157	534151
2026-07-17T02:38:02+08:00	3506850	313436	358157	534151
2026-07-17T02:38:04+08:00	3506850	313464	358157	534151
2026-07-17T02:38:06+08:00	3506850	314420	358157	535971
2026-07-17T02:38:08+08:00	3506850	314424	358157	535971
2026-07-17T02:38:10+08:00	3506850	314424	358157	537364
2026-07-17T02:38:12+08:00	3506850	314464	358157	537364
2026-07-17T02:38:14+08:00	3506850	314528	358157	537364
2026-07-17T02:38:16+08:00	3506850	314584	358157	537364
2026-07-17T02:38:18+08:00	3506850	314644	358157	537364
2026-07-17T02:38:21+08:00	3506850	314664	358157	537364
2026-07-17T02:38:23+08:00	3506850	314704	358157	537364
2026-07-17T02:38:25+08:00	3506850	314708	358157	537364
2026-07-17T02:38:27+08:00	3506850	314708	358157	537364
2026-07-17T02:38:29+08:00	3506850	314708	358157	537364
2026-07-17T02:38:31+08:00	3506850	314876	358157	537364
2026-07-17T02:38:33+08:00	3506850	314952	358157	537364
2026-07-17T02:38:35+08:00	3506850	315176	358157	537364
2026-07-17T02:38:37+08:00	3506850	317364	358157	537364
2026-07-17T02:38:39+08:00	3506850	314972	385495	565853
2026-07-17T02:38:41+08:00	3506850	315032	385495	565853
2026-07-17T02:38:43+08:00	3506850	315032	387758	565853
2026-07-17T02:38:45+08:00	3506850	315032	387758	565853
2026-07-17T02:38:47+08:00	3506850	315032	387758	565853
2026-07-17T02:38:49+08:00	3506850	315032	387758	565853
2026-07-17T02:38:51+08:00	3506850	315032	387758	565853
2026-07-17T02:38:53+08:00	3506850	315032	387758	565853
2026-07-17T02:38:55+08:00	3506850	315032	387758	565853
2026-07-17T02:38:57+08:00	3506850	315032	387758	565853
2026-07-17T02:38:59+08:00	3506850	315032	387758	565853
2026-07-17T02:39:01+08:00	3506850	315032	387758	565853
2026-07-17T02:39:03+08:00	3506850	315032	387758	565853
2026-07-17T02:39:05+08:00	3506850	315032	387758	565853
2026-07-17T02:39:07+08:00	3506850	315032	387758	565853
2026-07-17T02:39:09+08:00	3506850	315032	387758	565853
2026-07-17T02:39:11+08:00	3506850	315032	387758	565853
2026-07-17T02:39:13+08:00	3506850	315032	387758	565853
2026-07-17T02:39:15+08:00	3506850	315032	387758	565853
2026-07-17T02:39:17+08:00	3506850	315032	387758	565853
2026-07-17T02:39:19+08:00	3506850	315032	387758	565853
2026-07-17T02:39:21+08:00	3506850	315032	387758	565853
2026-07-17T02:39:23+08:00	3506850	315032	387758	565853
2026-07-17T02:39:25+08:00	3506850	315032	387758	565853
2026-07-17T02:39:27+08:00	3506850	315032	387758	565853
2026-07-17T02:39:29+08:00	3506850	315032	387758	565853
2026-07-17T02:39:31+08:00	3506850	315032	387758	565853
2026-07-17T02:39:33+08:00	3506850	315032	387758	565853
2026-07-17T02:39:35+08:00	3506850	315032	387758	565853
2026-07-17T02:39:37+08:00	3506850	315032	387758	565853
2026-07-17T02:39:39+08:00	3506850	315032	387758	565853
2026-07-17T02:39:41+08:00	3506850	315032	387758	565853
2026-07-17T02:39:43+08:00	3506850	315032	387758	565853
2026-07-17T02:39:45+08:00	3506850	315032	387758	565853
2026-07-17T02:39:47+08:00	3506850	315032	387758	565853
2026-07-17T02:39:49+08:00	3506850	315032	387758	565853
2026-07-17T02:39:51+08:00	3506850	315032	387758	565853
2026-07-17T02:39:53+08:00	3506850	315032	387758	565853
2026-07-17T02:39:55+08:00	3506850	315032	387758	565853
2026-07-17T02:39:57+08:00	3506850	315032	387758	565853
2026-07-17T02:39:59+08:00	3506850	315032	387758	565853
2026-07-17T02:40:01+08:00	3506850	315032	387758	565853
2026-07-17T02:40:03+08:00	3506850	315176	389735	565853
2026-07-17T02:40:05+08:00	3506850	315240	392199	571443
2026-07-17T02:40:07+08:00	3506850	314772	392199	573116
2026-07-17T02:40:09+08:00	3506850	314772	392199	573116
2026-07-17T02:40:12+08:00	3506850	314948	393683	598574
2026-07-17T02:40:14+08:00	3506850	319028	393683	600310
2026-07-17T02:40:16+08:00	3506850	309932	393683	600310
2026-07-17T02:40:18+08:00	3506850	319168	393683	605850
2026-07-17T02:40:20+08:00	3506850	320368	393683	606446
2026-07-17T02:40:22+08:00	3506850	327852	393683	608662
2026-07-17T02:40:24+08:00	3506850	328292	393683	609593
2026-07-17T02:40:26+08:00	3506850	328360	393683	609593
2026-07-17T02:40:28+08:00	3506850	317536	394054	619658
2026-07-17T02:40:30+08:00	3506850	318832	394425	632308
2026-07-17T02:40:32+08:00	3506850	325252	395167	658862
2026-07-17T02:40:34+08:00	3506850	326140	395167	661363
2026-07-17T02:40:36+08:00	3506850	326744	395167	661363
2026-07-17T02:40:38+08:00	3506850	327244	395167	664877
2026-07-17T02:40:40+08:00	3506850	320216	395167	665996
2026-07-17T02:40:42+08:00	3506850	321868	395167	672938
2026-07-17T02:40:44+08:00	3506850	321868	395167	674497
2026-07-17T02:40:46+08:00	3506850	322300	395167	675520
2026-07-17T02:40:48+08:00	3506850	322532	395167	676079
2026-07-17T02:40:50+08:00	3506850	323192	395167	677980
2026-07-17T02:40:52+08:00	3506850	319752	395167	677980
2026-07-17T02:40:54+08:00	3506850	320644	395167	678981
2026-07-17T02:40:56+08:00	3506850	326912	395167	689857
2026-07-17T02:40:58+08:00	3506850	326912	395167	689857
2026-07-17T02:41:00+08:00	3506850	331240	395167	706457
2026-07-17T02:41:02+08:00	3506850	337136	395526	751112
2026-07-17T02:41:04+08:00	3506850	337428	395526	766158
2026-07-17T02:41:06+08:00	3506850	322700	395526	766158
2026-07-17T02:41:08+08:00	3506850	322788	395526	766158
2026-07-17T02:41:10+08:00	3506850	324060	395526	767804
2026-07-17T02:41:12+08:00	3506850	324180	395526	767804
2026-07-17T02:41:14+08:00	3506850	324596	395526	768711
2026-07-17T02:41:16+08:00	3506850	325492	395526	769312
2026-07-17T02:41:18+08:00	3506850	325504	395526	769312
2026-07-17T02:41:20+08:00	3506850	323212	395526	769312
2026-07-17T02:41:22+08:00	3506850	323252	395526	769312
2026-07-17T02:41:24+08:00	3506850	323556	395526	769312
2026-07-17T02:41:26+08:00	3506850	324272	395526	769312
2026-07-17T02:41:28+08:00	3506850	325328	395526	769312
2026-07-17T02:41:30+08:00	3506850	325524	395526	769312
2026-07-17T02:41:32+08:00	3506850	325016	395526	769312
2026-07-17T02:41:34+08:00	3506850	325804	395526	769312
2026-07-17T02:41:36+08:00	3506850	325840	395526	769312
2026-07-17T02:41:38+08:00	3506850	326048	395526	769312
2026-07-17T02:41:40+08:00	3506850	331004	519906	807772
2026-07-17T02:41:42+08:00	3506850	331996	519906	807772
2026-07-17T02:41:44+08:00	3506850	332052	521442	807772
2026-07-17T02:41:46+08:00	3506850	332656	521442	807772
2026-07-17T02:41:48+08:00	3506850	332656	521442	807772
2026-07-17T02:41:50+08:00	3506850	332656	521442	807772
2026-07-17T02:41:52+08:00	3506850	332656	521442	807772
2026-07-17T02:41:54+08:00	3506850	332656	521442	807772
2026-07-17T02:41:56+08:00	3506850	332656	521442	807772
2026-07-17T02:41:58+08:00	3506850	332656	521442	807772
2026-07-17T02:42:01+08:00	3506850	332656	521442	807772
2026-07-17T02:42:03+08:00	3506850	332656	521442	807772
2026-07-17T02:42:05+08:00	3506850	332656	521442	807772
2026-07-17T02:42:07+08:00	3506850	332656	521442	807772
2026-07-17T02:42:09+08:00	3506850	332656	521442	807772
2026-07-17T02:42:11+08:00	3506850	332656	521442	807772
2026-07-17T02:42:13+08:00	3506850	332656	521442	807772
2026-07-17T02:42:15+08:00	3506850	332656	521442	807772
2026-07-17T02:42:17+08:00	3506850	332656	521442	807772
2026-07-17T02:42:19+08:00	3506850	332656	521442	807772
2026-07-17T02:42:21+08:00	3506850	332656	521442	807772
2026-07-17T02:42:23+08:00	3506850	332656	521442	807772
2026-07-17T02:42:25+08:00	3506850	332656	521442	807772
2026-07-17T02:42:27+08:00	3506850	332656	521442	807772
2026-07-17T02:42:29+08:00	3506850	332656	521442	807772
2026-07-17T02:42:31+08:00	3506850	332656	521442	807772
2026-07-17T02:42:33+08:00	3506850	332656	521442	807772
2026-07-17T02:42:35+08:00	3506850	332656	521442	807772
2026-07-17T02:42:37+08:00	3506850	332656	521442	807772
2026-07-17T02:42:39+08:00	3506850	332656	521442	807772
2026-07-17T02:42:41+08:00	3506850	332656	521442	807772
2026-07-17T02:42:43+08:00	3506850	332656	521442	807772
2026-07-17T02:42:45+08:00	3506850	332656	521442	807772
2026-07-17T02:42:47+08:00	3506850	332656	521442	807772
2026-07-17T02:42:49+08:00	3506850	332656	521442	807772
2026-07-17T02:42:51+08:00	3506850	332656	521442	807772
2026-07-17T02:42:53+08:00	3506850	332656	521442	807772
2026-07-17T02:42:55+08:00	3506850	332656	521442	807772
2026-07-17T02:42:57+08:00	3506850	332656	521442	807772
2026-07-17T02:42:59+08:00	3506850	332656	521442	807772
2026-07-17T02:43:01+08:00	3506850	332656	521442	807772
2026-07-17T02:43:03+08:00	3506850	332656	521442	807772
2026-07-17T02:43:05+08:00	3506850	332656	521442	807772
2026-07-17T02:43:07+08:00	3506850	332656	521442	807772
2026-07-17T02:43:09+08:00	3506850	332656	521442	807772
2026-07-17T02:43:11+08:00	3506850	332656	521442	807772
2026-07-17T02:43:13+08:00	3506850	332660	521442	807772
2026-07-17T02:43:15+08:00	3506850	332692	521957	807772
2026-07-17T02:43:17+08:00	3506850	333228	524638	809900
2026-07-17T02:43:19+08:00	3506850	333236	525715	809899
2026-07-17T02:43:21+08:00	3506850	333236	525715	809899
2026-07-17T02:43:23+08:00	3506850	317876	525715	809899
2026-07-17T02:43:25+08:00	3506850	317892	525715	809899
2026-07-17T02:43:27+08:00	3506850	317892	525715	809899
2026-07-17T02:43:29+08:00	3506850	317892	525715	809899
2026-07-17T02:43:31+08:00	3506850	317892	525715	809899
2026-07-17T02:43:33+08:00	3506850	317892	525715	809899
2026-07-17T02:43:35+08:00	3506850	317892	525715	809899
2026-07-17T02:43:37+08:00	3506850	317892	525715	809899
2026-07-17T02:43:39+08:00	3506850	317892	525715	809899
2026-07-17T02:43:41+08:00	3506850	317892	525715	809899
2026-07-17T02:43:43+08:00	3506850	317892	525715	809899
2026-07-17T02:43:45+08:00	3506850	317892	525715	809899
2026-07-17T02:43:47+08:00	3506850	317892	525715	809899
2026-07-17T02:43:49+08:00	3506850	317892	525715	809899
2026-07-17T02:43:51+08:00	3506850	317892	525715	809899
2026-07-17T02:43:53+08:00	3506850	317892	525715	809899
2026-07-17T02:43:56+08:00	3506850	317892	525715	809899
2026-07-17T02:43:58+08:00	3506850	317892	525715	809899
2026-07-17T02:44:00+08:00	3506850	317892	525715	809899
2026-07-17T02:44:02+08:00	3506850	317892	525715	809899
2026-07-17T02:44:04+08:00	3506850	317892	525715	809899
2026-07-17T02:44:06+08:00	3506850	317892	525715	809899
2026-07-17T02:44:08+08:00	3506850	317892	525715	809899
2026-07-17T02:44:10+08:00	3506850	317892	525715	809899
2026-07-17T02:44:12+08:00	3506850	317892	525715	809899
2026-07-17T02:44:14+08:00	3506850	317892	525715	809899
2026-07-17T02:44:16+08:00	3506850	317892	525715	809899
2026-07-17T02:44:18+08:00	3506850	317892	525715	809899
2026-07-17T02:44:20+08:00	3506850	317892	525715	809899
2026-07-17T02:44:22+08:00	3506850	317892	525715	809899
2026-07-17T02:44:24+08:00	3506850	317892	525715	809899
2026-07-17T02:44:26+08:00	3506850	317892	525715	809899
2026-07-17T02:44:28+08:00	3506850	317892	525715	809899
2026-07-17T02:44:30+08:00	3506850	317892	525715	809899
2026-07-17T02:44:32+08:00	3506850	317892	525715	809899
2026-07-17T02:44:34+08:00	3506850	317892	525715	809899
2026-07-17T02:44:36+08:00	3506850	321780	525715	809899
2026-07-17T02:48:21+08:00	3534711	899120	526402	812395
2026-07-17T02:48:23+08:00	3534711	899224	526402	812395
2026-07-17T02:48:25+08:00	3534711	899260	526402	812395
2026-07-17T02:48:27+08:00	3534711	899260	526402	812395
2026-07-17T02:48:29+08:00	3534711	899260	526402	812395
2026-07-17T02:48:31+08:00	3534711	899260	526402	812395
2026-07-17T02:48:33+08:00	3534711	899260	526402	812395
2026-07-17T02:48:35+08:00	3534711	899260	526402	812395
2026-07-17T02:48:37+08:00	3534711	899260	526402	812395
2026-07-17T02:48:39+08:00	3534711	899508	526402	812395
2026-07-17T02:48:41+08:00	3534711	899508	526402	812395
2026-07-17T02:48:43+08:00	3534711	899508	526402	812395
2026-07-17T02:48:45+08:00	3534711	899616	526402	812395
2026-07-17T02:48:47+08:00	3534711	899888	526402	812395
2026-07-17T02:48:49+08:00	3534711	899888	526402	812395
2026-07-17T02:48:51+08:00	3534711	899888	526402	812395
2026-07-17T02:48:53+08:00	3534711	899888	526402	812395
2026-07-17T02:48:55+08:00	3534711	899888	526402	812395
2026-07-17T02:48:57+08:00	3534711	900288	526402	812395
2026-07-17T02:48:59+08:00	3534711	901452	526402	812395
2026-07-17T02:49:01+08:00	3534711	901784	526402	812395
2026-07-17T02:49:03+08:00	3534711	901784	526402	812395
2026-07-17T02:49:05+08:00	3534711	901784	526402	812395
2026-07-17T02:49:07+08:00	3534711	901884	526402	812395
2026-07-17T02:49:09+08:00	3534711	901884	526402	812395
2026-07-17T02:49:11+08:00	3534711	901884	526402	812395
2026-07-17T02:49:14+08:00	3534711	821384	526748	812395
2026-07-17T02:49:16+08:00	3534711	824164	528804	812577
2026-07-17T02:49:18+08:00	3534711	825144	530107	812577
2026-07-17T02:49:20+08:00	3534711	825196	530107	812577
2026-07-17T02:49:22+08:00	3534711	825808	530107	812577
2026-07-17T02:49:24+08:00	3534711	825820	530107	812577
2026-07-17T02:49:26+08:00	3534711	363936	530107	812577
2026-07-17T02:49:28+08:00	3534711	363952	530107	812577
2026-07-17T02:49:30+08:00	3534711	364252	530107	812577
2026-07-17T02:49:32+08:00	3534711	364276	530107	812577
2026-07-17T02:49:34+08:00	3534711	364276	530107	812577
2026-07-17T02:49:36+08:00	3534711	364296	530107	812577
2026-07-17T02:49:38+08:00	3534711	364304	530107	812577
2026-07-17T02:49:40+08:00	3534711	362484	530107	812577
2026-07-17T02:49:42+08:00	3534711	362496	530107	812577
2026-07-17T02:49:44+08:00	3534711	362496	530107	812577
2026-07-17T02:49:46+08:00	3534711	362512	530107	812577
2026-07-17T02:49:48+08:00	3534711	362684	530107	812577
2026-07-17T02:49:50+08:00	3534711	362876	530107	812577
2026-07-17T02:49:52+08:00	3534711	362940	530107	812577
2026-07-17T02:49:54+08:00	3534711	363092	530107	812577
2026-07-17T02:49:56+08:00	3534711	363108	530107	812577
2026-07-17T02:49:58+08:00	3534711	363132	530107	812577
2026-07-17T02:50:00+08:00	3534711	363152	530107	812577
2026-07-17T02:50:02+08:00	3534711	363152	530107	812577
2026-07-17T02:50:04+08:00	3534711	362160	530107	812577
2026-07-17T02:50:06+08:00	3534711	312616	530107	812577
2026-07-17T02:50:08+08:00	3534711	312616	530107	812577
2026-07-17T02:50:10+08:00	3534711	312616	530107	812577
2026-07-17T02:50:12+08:00	3534711	312748	530107	812577
2026-07-17T02:50:14+08:00	3534711	313016	530107	812577
2026-07-17T02:50:16+08:00	3534711	313448	530107	812577
2026-07-17T02:50:18+08:00	3534711	313444	530107	812577
2026-07-17T02:50:20+08:00	3534711	313444	530107	812577
2026-07-17T02:50:22+08:00	3534711	313908	530107	812577
2026-07-17T02:50:24+08:00	3534711	314380	530107	812577
2026-07-17T02:50:26+08:00	3534711	315508	530107	812577
2026-07-17T02:50:28+08:00	3534711	316524	530107	812577
2026-07-17T02:50:30+08:00	3534711	317536	530107	812577
2026-07-17T02:50:32+08:00	3534711	318204	530107	812577
2026-07-17T02:50:34+08:00	3534711	319176	530107	812577
2026-07-17T02:50:36+08:00	3534711	319720	530107	812577
2026-07-17T02:50:38+08:00	3534711	320296	530107	812577
2026-07-17T02:50:40+08:00	3534711	320484	530107	812577
2026-07-17T02:50:42+08:00	3534711	313280	530107	812577
2026-07-17T02:50:44+08:00	3534711	314000	530107	812577
2026-07-17T02:50:46+08:00	3534711	314336	530107	812577
2026-07-17T02:50:48+08:00	3534711	319304	572221	841771
2026-07-17T02:50:50+08:00	3534711	320164	572221	841771
2026-07-17T02:50:52+08:00	3534711	320356	574215	841771
2026-07-17T02:50:54+08:00	3534711	244644	574215	841771
2026-07-17T02:50:56+08:00	3534711	243420	574215	841771
2026-07-17T02:50:58+08:00	3534711	243420	574215	841771
2026-07-17T02:51:00+08:00	3534711	243420	574215	841771
2026-07-17T02:51:02+08:00	3534711	243420	574215	841771
2026-07-17T02:51:04+08:00	3534711	243420	574215	841771
2026-07-17T02:51:06+08:00	3534711	243420	574215	841771
2026-07-17T02:51:09+08:00	3534711	243420	574215	841771
2026-07-17T02:51:11+08:00	3534711	243420	574215	841771
2026-07-17T02:51:13+08:00	3534711	243420	574215	841771
2026-07-17T02:51:15+08:00	3534711	243420	574215	841771
2026-07-17T02:51:17+08:00	3534711	243420	574215	841771
2026-07-17T02:51:19+08:00	3534711	243420	574215	841771
2026-07-17T02:51:21+08:00	3534711	243420	574215	841771
2026-07-17T02:51:23+08:00	3534711	243420	574215	841771
2026-07-17T02:51:25+08:00	3534711	243420	574215	841771
2026-07-17T02:51:27+08:00	3534711	243420	574215	841771
2026-07-17T02:51:29+08:00	3534711	243420	574215	841771
2026-07-17T02:51:31+08:00	3534711	243420	574215	841771
2026-07-17T02:51:33+08:00	3534711	243420	574215	841771
2026-07-17T02:51:35+08:00	3534711	243420	574215	841771
2026-07-17T02:51:37+08:00	3534711	243420	574215	841771
2026-07-17T02:51:39+08:00	3534711	243420	574215	841771
2026-07-17T02:51:41+08:00	3534711	243420	574215	841771
2026-07-17T02:51:43+08:00	3534711	243420	574215	841771
2026-07-17T02:51:45+08:00	3534711	243420	574215	841771
2026-07-17T02:51:47+08:00	3534711	243420	574215	841771
2026-07-17T02:51:49+08:00	3534711	243420	574215	841771
2026-07-17T02:51:51+08:00	3534711	243420	574215	841771
2026-07-17T02:51:53+08:00	3534711	243420	574215	841771
2026-07-17T02:51:55+08:00	3534711	243420	574215	841771
2026-07-17T02:51:57+08:00	3534711	243420	574215	841771
2026-07-17T02:51:59+08:00	3534711	243420	574215	841771
2026-07-17T02:52:01+08:00	3534711	243420	574215	841771
2026-07-17T02:52:03+08:00	3534711	243420	574215	841771
2026-07-17T02:52:05+08:00	3534711	243420	574215	841771
2026-07-17T02:52:07+08:00	3534711	243420	574215	841771
2026-07-17T02:52:09+08:00	3534711	243420	574215	841771
2026-07-17T02:52:11+08:00	3534711	243420	574215	841771
2026-07-17T02:52:13+08:00	3534711	243420	574215	841771
2026-07-17T02:52:15+08:00	3534711	243420	574215	841771
2026-07-17T02:52:17+08:00	3534711	243420	574215	841771
2026-07-17T02:52:19+08:00	3534711	243420	574215	841771
2026-07-17T02:52:21+08:00	3534711	243420	574215	841771
2026-07-17T02:52:23+08:00	3534711	243420	574215	841771
2026-07-17T02:52:25+08:00	3534711	243420	574215	841771
2026-07-17T02:52:27+08:00	3534711	243420	574215	841771
2026-07-17T02:52:29+08:00	3534711	243420	574215	841771
2026-07-17T02:52:31+08:00	3534711	243420	574215	841771
2026-07-17T02:52:33+08:00	3534711	243420	574215	841771
2026-07-17T02:52:35+08:00	3534711	243420	574215	841771
2026-07-17T02:52:37+08:00	3534711	243420	574215	841771
2026-07-17T02:52:39+08:00	3534711	243420	574215	841771
2026-07-17T02:52:41+08:00	3534711	243420	574215	841771
2026-07-17T02:52:43+08:00	3534711	243420	574215	841771
2026-07-17T02:52:45+08:00	3534711	243420	574215	841771
2026-07-17T02:52:47+08:00	3534711	243420	574215	841771
2026-07-17T02:52:49+08:00	3534711	243420	574215	841771
2026-07-17T02:52:51+08:00	3534711	243420	574215	841771
2026-07-17T02:52:53+08:00	3534711	243420	574215	841771
2026-07-17T02:52:55+08:00	3534711	243420	574215	841771
2026-07-17T02:52:58+08:00	3534711	243420	574215	841771
2026-07-17T02:53:00+08:00	3534711	243420	574215	841771
2026-07-17T02:53:02+08:00	3534711	243420	574215	841771
2026-07-17T02:53:04+08:00	3534711	243420	574215	841771
2026-07-17T02:53:06+08:00	3534711	243420	574215	841771
2026-07-17T02:53:08+08:00	3534711	243420	574215	841771
2026-07-17T02:53:10+08:00	3534711	243420	574215	841771
2026-07-17T02:53:12+08:00	3534711	243420	574215	841771
2026-07-17T02:53:14+08:00	3534711	243420	574215	841771
2026-07-17T02:53:16+08:00	3534711	243420	574215	841771
2026-07-17T02:53:18+08:00	3534711	243420	574215	841771
2026-07-17T02:53:20+08:00	3534711	243420	574215	841771
2026-07-17T02:53:22+08:00	3534711	243420	574215	841771
2026-07-17T02:53:24+08:00	3534711	243420	574215	841771
2026-07-17T02:53:26+08:00	3534711	243420	574215	841771
2026-07-17T02:53:28+08:00	3534711	243420	574215	841771
2026-07-17T02:53:30+08:00	3534711	243420	574215	841771
2026-07-17T02:53:32+08:00	3534711	243420	574215	841771
2026-07-17T02:53:34+08:00	3534711	243420	574215	841771
2026-07-17T02:53:36+08:00	3534711	243420	574215	841771
2026-07-17T02:53:38+08:00	3534711	243420	574215	841771
2026-07-17T02:53:40+08:00	3534711	243420	574215	841771
2026-07-17T02:53:42+08:00	3534711	243420	574215	841771
2026-07-17T02:53:44+08:00	3534711	243420	574215	841771
2026-07-17T02:53:46+08:00	3534711	243420	574215	841771
2026-07-17T02:53:48+08:00	3534711	243420	574215	841771
2026-07-17T02:53:50+08:00	3534711	243420	574215	841771
2026-07-17T02:53:52+08:00	3534711	243420	574215	841771
2026-07-17T02:53:54+08:00	3534711	243420	574215	841771
2026-07-17T02:53:56+08:00	3534711	243420	574215	841771
2026-07-17T02:53:58+08:00	3534711	243420	574215	841771
2026-07-17T02:54:00+08:00	3534711	243420	574215	841771
2026-07-17T02:54:02+08:00	3534711	243420	574215	841771
2026-07-17T02:54:04+08:00	3534711	243420	574215	841771
2026-07-17T02:54:06+08:00	3534711	243420	574215	841771
2026-07-17T02:54:08+08:00	3534711	245748	574215	841771
2026-07-17T02:54:10+08:00	3534711	245748	574215	841771
2026-07-17T02:54:12+08:00	3534711	245748	574215	841771
2026-07-17T02:54:14+08:00	3534711	245748	574215	841771
2026-07-17T02:54:16+08:00	3534711	245748	574215	841771
2026-07-17T02:54:18+08:00	3534711	245748	574215	841771
2026-07-17T02:54:20+08:00	3534711	245748	574215	841771
2026-07-17T02:54:22+08:00	3534711	245748	574215	841771
2026-07-17T02:54:24+08:00	3534711	245748	574215	841771
2026-07-17T02:54:26+08:00	3534711	245748	574215	841771
2026-07-17T02:54:28+08:00	3534711	245748	574215	841771
2026-07-17T02:54:30+08:00	3534711	245748	574215	841771
2026-07-17T02:54:32+08:00	3534711	245748	574215	841771
2026-07-17T02:54:34+08:00	3534711	245748	574215	841771
2026-07-17T02:54:36+08:00	3534711	245748	574215	841771
2026-07-17T02:54:38+08:00	3534711	245748	574215	841771
2026-07-17T02:54:40+08:00	3534711	245748	574215	841771
2026-07-17T02:54:42+08:00	3534711	245748	574215	841771
2026-07-17T02:54:44+08:00	3534711	245748	574215	841771
2026-07-17T02:54:47+08:00	3534711	245748	574215	841771
2026-07-17T02:54:49+08:00	3534711	245748	574215	841771
2026-07-17T02:54:51+08:00	3534711	245748	574215	841771
2026-07-17T02:54:53+08:00	3534711	245748	574215	841771
2026-07-17T02:54:55+08:00	3534711	245748	574215	841771
2026-07-17T02:54:57+08:00	3534711	245748	574215	841771
2026-07-17T02:54:59+08:00	3534711	245748	574215	841771
2026-07-17T02:55:01+08:00	3534711	245748	574215	841771
2026-07-17T02:55:03+08:00	3534711	245748	574215	841771
2026-07-17T02:55:05+08:00	3534711	245748	574215	841771
2026-07-17T02:55:07+08:00	3534711	245748	574215	841771
2026-07-17T02:55:09+08:00	3534711	245748	574215	841771
2026-07-17T02:55:11+08:00	3534711	245748	574215	841771
2026-07-17T02:55:13+08:00	3534711	245748	574215	841771
2026-07-17T02:55:15+08:00	3534711	245748	574215	841771
2026-07-17T02:55:17+08:00	3534711	245748	574215	841771
2026-07-17T02:55:19+08:00	3534711	245748	574215	841771
2026-07-17T02:55:21+08:00	3534711	245748	574215	841771
2026-07-17T02:55:23+08:00	3534711	245748	574215	841771
2026-07-17T02:55:25+08:00	3534711	245748	574215	841771
2026-07-17T02:55:27+08:00	3534711	245748	574215	841771
2026-07-17T02:55:29+08:00	3534711	245748	574215	841771
2026-07-17T02:55:31+08:00	3534711	245748	574215	841771
2026-07-17T02:55:33+08:00	3534711	245748	574215	841771
2026-07-17T02:55:35+08:00	3534711	245748	574215	841771
2026-07-17T02:55:37+08:00	3534711	245748	574215	841771
2026-07-17T02:55:39+08:00	3534711	245748	574215	841771
2026-07-17T02:55:41+08:00	3534711	245748	574215	841771
2026-07-17T02:55:43+08:00	3534711	245748	574215	841771
2026-07-17T02:55:45+08:00	3534711	245748	574215	841771
2026-07-17T02:55:47+08:00	3534711	245748	574215	841771
2026-07-17T02:55:49+08:00	3534711	245748	574215	841771
2026-07-17T02:55:51+08:00	3534711	245748	574215	841771
2026-07-17T02:55:53+08:00	3534711	245748	574215	841771
2026-07-17T02:55:55+08:00	3534711	245748	574215	841771
2026-07-17T02:55:57+08:00	3534711	245748	574215	841771
2026-07-17T02:55:59+08:00	3534711	245748	574215	841771
2026-07-17T02:56:01+08:00	3534711	245748	574215	841771
2026-07-17T02:56:03+08:00	3534711	245748	574215	841771
2026-07-17T02:56:05+08:00	3534711	245748	574215	841771
2026-07-17T02:56:07+08:00	3534711	245748	574215	841771
2026-07-17T02:56:09+08:00	3534711	245748	574215	841771
2026-07-17T02:56:11+08:00	3534711	245748	574215	841771
2026-07-17T02:56:13+08:00	3534711	245748	574215	841771
2026-07-17T02:56:15+08:00	3534711	245748	574215	841771
2026-07-17T02:56:17+08:00	3534711	245748	574215	841771
2026-07-17T02:56:19+08:00	3534711	245748	574215	841771
2026-07-17T02:56:21+08:00	3534711	245748	574215	841771
2026-07-17T02:56:23+08:00	3534711	245748	574215	841771
2026-07-17T02:56:25+08:00	3534711	245748	574215	841771
2026-07-17T02:56:27+08:00	3534711	245748	574215	841771
2026-07-17T02:56:29+08:00	3534711	245748	574215	841771
2026-07-17T02:56:31+08:00	3534711	245748	574215	841771
2026-07-17T02:56:33+08:00	3534711	245748	574215	841771
2026-07-17T02:56:35+08:00	3534711	245748	574215	841771
2026-07-17T02:56:37+08:00	3534711	245748	574215	841771
2026-07-17T02:56:40+08:00	3534711	245748	574215	841771
2026-07-17T02:56:42+08:00	3534711	245748	574215	841771
2026-07-17T02:56:44+08:00	3534711	245748	574215	841771
2026-07-17T02:56:46+08:00	3534711	245748	574215	841771
2026-07-17T02:56:48+08:00	3534711	245748	574215	841771
2026-07-17T02:56:50+08:00	3534711	245748	574215	841771
2026-07-17T02:56:52+08:00	3534711	245748	574215	841771
2026-07-17T02:56:54+08:00	3534711	245748	574215	841771
2026-07-17T02:56:56+08:00	3534711	245748	574215	841771
2026-07-17T02:56:58+08:00	3534711	245748	574215	841771
2026-07-17T02:57:00+08:00	3534711	245748	574215	841771
2026-07-17T02:57:02+08:00	3534711	245748	574215	841771
2026-07-17T02:57:04+08:00	3534711	245748	574215	841771
2026-07-17T02:57:06+08:00	3534711	245748	574215	841771
2026-07-17T02:57:08+08:00	3534711	245748	574215	841771
2026-07-17T02:57:10+08:00	3534711	245748	574215	841771
2026-07-17T02:57:12+08:00	3534711	245748	574215	841771
2026-07-17T02:57:14+08:00	3534711	245748	574215	841771
2026-07-17T02:57:16+08:00	3534711	245748	574215	841771
2026-07-17T02:57:18+08:00	3534711	245748	574215	841771
2026-07-17T02:57:20+08:00	3534711	245748	574215	841771
2026-07-17T02:57:22+08:00	3534711	245748	574215	841771
2026-07-17T02:57:24+08:00	3534711	245748	574215	841771
2026-07-17T02:57:26+08:00	3534711	245748	574215	841771
2026-07-17T02:57:28+08:00	3534711	245748	574215	841771
2026-07-17T02:57:30+08:00	3534711	245748	574215	841771
2026-07-17T02:57:32+08:00	3534711	245748	574215	841771
2026-07-17T02:57:34+08:00	3534711	245748	574215	841771
2026-07-17T02:57:36+08:00	3534711	245748	574215	841771
2026-07-17T02:57:38+08:00	3534711	245748	574215	841771
2026-07-17T02:57:40+08:00	3534711	245748	574215	841771
2026-07-17T02:57:42+08:00	3534711	245748	574215	841771
2026-07-17T02:57:44+08:00	3534711	245748	574215	841771
2026-07-17T02:57:46+08:00	3534711	245748	574215	841771
2026-07-17T02:57:48+08:00	3534711	245748	574215	841771
2026-07-17T02:57:50+08:00	3534711	245748	574215	841771
2026-07-17T02:57:52+08:00	3534711	245748	574215	841771
2026-07-17T02:57:54+08:00	3534711	245748	574215	841771
2026-07-17T02:57:56+08:00	3534711	245748	574215	841771
2026-07-17T02:57:58+08:00	3534711	245748	574215	841771
2026-07-17T02:58:00+08:00	3534711	245748	574215	841771
2026-07-17T02:58:02+08:00	3534711	245748	574215	841771
2026-07-17T02:58:04+08:00	3534711	245748	574215	841771
2026-07-17T02:58:06+08:00	3534711	245748	574215	841771
2026-07-17T02:58:08+08:00	3534711	245748	574215	841771
2026-07-17T02:58:10+08:00	3534711	245748	574215	841771
2026-07-17T02:58:12+08:00	3534711	245748	574215	841771
2026-07-17T02:58:14+08:00	3534711	245748	574215	841771
2026-07-17T02:58:16+08:00	3534711	245748	574215	841771
2026-07-17T02:58:18+08:00	3534711	245748	574215	841771
2026-07-17T02:58:20+08:00	3534711	245748	574215	841771
2026-07-17T02:58:22+08:00	3534711	245748	574215	841771
2026-07-17T02:58:24+08:00	3534711	245748	574215	841771
2026-07-17T02:58:26+08:00	3534711	245748	574215	841771
2026-07-17T02:58:28+08:00	3534711	245748	574215	841771
2026-07-17T02:58:30+08:00	3534711	245748	574215	841771
2026-07-17T02:58:32+08:00	3534711	245748	574215	841771
2026-07-17T02:58:34+08:00	3534711	245748	574215	841771
2026-07-17T02:58:37+08:00	3534711	245748	574215	841771
2026-07-17T02:58:39+08:00	3534711	245748	574215	841771
2026-07-17T02:58:41+08:00	3534711	245748	574215	841771
2026-07-17T02:58:43+08:00	3534711	245748	574215	841771
2026-07-17T02:58:45+08:00	3534711	245748	574215	841771
2026-07-17T02:58:47+08:00	3534711	245748	574215	841771
2026-07-17T02:58:49+08:00	3534711	245748	574215	841771
2026-07-17T02:58:51+08:00	3534711	245748	574215	841771
2026-07-17T02:58:53+08:00	3534711	245748	574215	841771
2026-07-17T02:58:55+08:00	3534711	245748	574215	841771
2026-07-17T02:58:57+08:00	3534711	245748	574215	841771
2026-07-17T02:58:59+08:00	3534711	245748	574215	841771
2026-07-17T02:59:01+08:00	3534711	245748	574215	841771
2026-07-17T02:59:03+08:00	3534711	245748	574215	841771
2026-07-17T02:59:05+08:00	3534711	245748	574215	841771
2026-07-17T02:59:07+08:00	3534711	245748	574215	841771
2026-07-17T02:59:09+08:00	3534711	245748	574215	841771
2026-07-17T02:59:11+08:00	3534711	245748	574215	841771
2026-07-17T02:59:13+08:00	3534711	245748	574215	841771
2026-07-17T02:59:15+08:00	3534711	245748	574215	841771
2026-07-17T02:59:17+08:00	3534711	245748	574215	841771
2026-07-17T02:59:19+08:00	3534711	245748	574215	841771
2026-07-17T02:59:21+08:00	3534711	245748	574215	841771
2026-07-17T02:59:23+08:00	3534711	245748	574215	841771
2026-07-17T02:59:25+08:00	3534711	245748	574215	841771
2026-07-17T02:59:27+08:00	3534711	245748	574215	841771
2026-07-17T02:59:29+08:00	3534711	245748	574215	841771
2026-07-17T02:59:31+08:00	3534711	245748	574215	841771
2026-07-17T02:59:33+08:00	3534711	245748	574215	841771
2026-07-17T02:59:35+08:00	3534711	245748	574215	841771
2026-07-17T02:59:37+08:00	3534711	245748	574215	841771
2026-07-17T02:59:39+08:00	3534711	245748	574215	841771
2026-07-17T02:59:41+08:00	3534711	245748	574215	841771
2026-07-17T02:59:43+08:00	3534711	245748	574215	841771
2026-07-17T02:59:45+08:00	3534711	245748	574215	841771
2026-07-17T02:59:47+08:00	3534711	245748	574215	841771
2026-07-17T02:59:49+08:00	3534711	245748	574215	841771
2026-07-17T02:59:51+08:00	3534711	245748	574215	841771
2026-07-17T02:59:53+08:00	3534711	245748	574215	841771
2026-07-17T02:59:55+08:00	3534711	245748	574215	841771
2026-07-17T02:59:57+08:00	3534711	245748	574215	841771
2026-07-17T02:59:59+08:00	3534711	245748	574215	841771
2026-07-17T03:00:01+08:00	3534711	245748	574215	841771
2026-07-17T03:00:03+08:00	3534711	245748	574215	841771
2026-07-17T03:00:05+08:00	3534711	245748	574215	841771
2026-07-17T03:00:07+08:00	3534711	245748	574215	841771
2026-07-17T03:00:09+08:00	3534711	245748	574215	841771
2026-07-17T03:00:11+08:00	3534711	245748	574215	841771
2026-07-17T03:00:13+08:00	3534711	245748	574215	841771
2026-07-17T03:00:15+08:00	3534711	245748	574215	841771
2026-07-17T03:00:17+08:00	3534711	245748	574215	841771
2026-07-17T03:00:19+08:00	3534711	245748	574215	841771
2026-07-17T03:00:21+08:00	3534711	245748	574215	841771
2026-07-17T03:00:23+08:00	3534711	245748	574215	841771
2026-07-17T03:00:25+08:00	3534711	245748	574215	841771
2026-07-17T03:00:27+08:00	3534711	245748	574215	841771
2026-07-17T03:00:29+08:00	3534711	245748	574215	841771
2026-07-17T03:00:32+08:00	3534711	245748	574215	841771
2026-07-17T03:00:34+08:00	3534711	245748	574215	841771
2026-07-17T03:00:36+08:00	3534711	245748	574215	841771
2026-07-17T03:00:38+08:00	3534711	245748	574215	841771
2026-07-17T03:00:40+08:00	3534711	245748	574215	841771
2026-07-17T03:00:42+08:00	3534711	245748	574215	841771
2026-07-17T03:00:44+08:00	3534711	245748	574215	841771
2026-07-17T03:00:46+08:00	3534711	245748	574215	841771
2026-07-17T03:00:48+08:00	3534711	245748	574215	841771
2026-07-17T03:00:50+08:00	3534711	245748	574215	841771
2026-07-17T03:00:52+08:00	3534711	245748	574215	841771
2026-07-17T03:00:54+08:00	3534711	245748	574215	841771
2026-07-17T03:00:56+08:00	3534711	245748	574215	841771
2026-07-17T03:00:58+08:00	3534711	245748	574215	841771
2026-07-17T03:01:00+08:00	3534711	245748	574215	841771
2026-07-17T03:01:02+08:00	3534711	245748	574215	841771
2026-07-17T03:01:04+08:00	3534711	245748	574215	841771
2026-07-17T03:01:06+08:00	3534711	245748	574215	841771
2026-07-17T03:01:08+08:00	3534711	245748	574215	841771
2026-07-17T03:01:10+08:00	3534711	245748	574215	841771
2026-07-17T03:01:12+08:00	3534711	245748	574215	841771
2026-07-17T03:01:14+08:00	3534711	245748	574215	841771
2026-07-17T03:01:16+08:00	3534711	245748	574215	841771
2026-07-17T03:01:18+08:00	3534711	245748	574215	841771
2026-07-17T03:01:20+08:00	3534711	245748	574215	841771
2026-07-17T03:01:22+08:00	3534711	245748	574215	841771
2026-07-17T03:01:24+08:00	3534711	245748	574215	841771
2026-07-17T03:01:26+08:00	3534711	245748	574215	841771
2026-07-17T03:01:28+08:00	3534711	245748	574215	841771
2026-07-17T03:01:30+08:00	3534711	245748	574215	841771
2026-07-17T03:01:32+08:00	3534711	245748	574215	841771
2026-07-17T03:01:34+08:00	3534711	245748	574215	841771
2026-07-17T03:01:36+08:00	3534711	245748	574215	841771
2026-07-17T03:01:38+08:00	3534711	245748	574215	841771
2026-07-17T03:01:40+08:00	3534711	245748	574215	841771
2026-07-17T03:01:42+08:00	3534711	245748	574215	841771
2026-07-17T03:01:44+08:00	3534711	245748	574215	841771
2026-07-17T03:01:46+08:00	3534711	245748	574215	841771
2026-07-17T03:01:48+08:00	3534711	245748	574215	841771
2026-07-17T03:01:50+08:00	3534711	245748	574215	841771
2026-07-17T03:01:52+08:00	3534711	245748	574215	841771
2026-07-17T03:01:54+08:00	3534711	245748	574215	841771
2026-07-17T03:01:56+08:00	3534711	245748	574215	841771
2026-07-17T03:01:58+08:00	3534711	245748	574215	841771
2026-07-17T03:02:00+08:00	3534711	245748	574215	841771
2026-07-17T03:02:02+08:00	3534711	245748	574215	841771
2026-07-17T03:02:04+08:00	3534711	245748	574215	841771
2026-07-17T03:02:06+08:00	3534711	245748	574215	841771
2026-07-17T03:02:08+08:00	3534711	245748	574215	841771
2026-07-17T03:02:10+08:00	3534711	245748	574215	841771
2026-07-17T03:02:12+08:00	3534711	245748	574215	841771
2026-07-17T03:02:14+08:00	3534711	245748	574215	841771
2026-07-17T03:02:16+08:00	3534711	245748	574215	841771
2026-07-17T03:02:18+08:00	3534711	245748	574215	841771
2026-07-17T03:02:20+08:00	3534711	245748	574215	841771
2026-07-17T03:02:23+08:00	3534711	245748	574215	841771
2026-07-17T03:02:25+08:00	3534711	245748	574215	841771
2026-07-17T03:02:27+08:00	3534711	245748	574215	841771
2026-07-17T03:02:29+08:00	3534711	245748	574215	841771
2026-07-17T03:02:31+08:00	3534711	245748	574215	841771
2026-07-17T03:02:33+08:00	3534711	245748	574215	841771
2026-07-17T03:02:35+08:00	3534711	245748	574215	841771
2026-07-17T03:02:37+08:00	3534711	245748	574215	841771
2026-07-17T03:02:39+08:00	3534711	245748	574215	841771
2026-07-17T03:02:41+08:00	3534711	245748	574215	841771
2026-07-17T03:02:43+08:00	3534711	245748	574215	841771
2026-07-17T03:02:45+08:00	3534711	245748	574215	841771
2026-07-17T03:02:47+08:00	3534711	245748	574215	841771
2026-07-17T03:02:49+08:00	3534711	245748	574215	841771
2026-07-17T03:02:51+08:00	3534711	245748	574215	841771
2026-07-17T03:02:53+08:00	3534711	245748	574215	841771
2026-07-17T03:02:55+08:00	3534711	245748	574215	841771
2026-07-17T03:02:57+08:00	3534711	245748	574215	841771
2026-07-17T03:02:59+08:00	3534711	245748	574215	841771
2026-07-17T03:03:01+08:00	3534711	245748	574215	841771
